{
    "layers": [
        {
            "id": "Quartier1",
			"name": "Quartier",
            "geojson": "data\/Quartier.geojson",
			"enabled": "true",
			"visible": "true"
             
        },
        {
            "id": "hosto",
			"name": "Hopital",
            "geojson": "data\/hopital.geojson",
			"enabled": "true",
			"visible": "true"
        },
        {
            "id": "Route",
			"name": "Route",
            "geojson": "data\/route.geojson",
			"enabled": "true",
			"visible": "true"
        }
     
     
       
    ]
}